day,susceptible,infected,immune,died,severely_ill,icu_beds_available,died_because_of_no_bed,excess_mortality,infected_today,recovered_today,died_today,reaction
0,3999990,10,0,0,0,3656,0,0,10,0,0,preparing to distance at 2
1,3999986,14,0,0,0,3656,0,0,4,0,0,preparing to distance at 2
2,3999985,15,0,0,0,3656,0,0,1,0,0,preparing to distance at 4
3,3999984,16,0,0,0,3656,0,0,1,0,0,preparing to distance at 4
4,3999983,17,0,0,0,3656,0,0,1,0,0,preparing to distance at 6
5,3999982,18,0,0,0,3656,0,0,1,0,0,preparing to distance at 6
6,3999981,19,0,0,0,3656,0,0,1,0,0,preparing to distance at 8
7,3999980,20,0,0,0,3656,0,0,1,0,0,preparing to distance at 8
8,3999979,21,0,0,0,3656,0,0,1,0,0,preparing to relax at 10
9,3999977,23,0,0,0,3656,0,0,2,0,0,preparing to relax at 10
10,3999969,31,0,0,0,3656,0,0,8,0,0,preparing to distance at 12
11,3999958,42,0,0,0,3656,0,0,11,0,0,preparing to distance at 12
12,3999955,45,0,0,0,3656,0,0,3,0,0,preparing to distance at 14
13,3999952,48,0,0,0,3656,0,0,3,0,0,preparing to distance at 14
14,3999949,41,10,0,0,3656,0,0,3,10,0,preparing to distance at 16
15,3999946,40,14,0,0,3656,0,0,3,4,0,preparing to distance at 16
16,3999943,42,15,0,0,3656,0,0,3,1,0,preparing to distance at 18
17,3999940,44,16,0,0,3656,0,0,3,1,0,preparing to distance at 18
18,3999937,46,17,0,0,3656,0,0,3,1,0,preparing to relax at 20
19,3999934,48,18,0,0,3656,0,0,3,1,0,preparing to relax at 20
20,3999917,64,19,0,0,3656,0,0,17,1,0,preparing to distance at 22
21,3999895,85,20,0,0,3656,0,0,22,1,0,preparing to distance at 22
22,3999889,90,21,0,0,3656,0,0,6,1,0,preparing to relax at 24
23,3999883,94,23,0,0,3656,0,0,6,2,0,preparing to relax at 24
24,3999853,116,31,0,1,3655,0,0,30,8,0,preparing to distance at 26
25,3999816,142,42,0,2,3654,0,0,37,11,0,preparing to distance at 26
26,3999806,149,45,0,2,3654,0,0,10,3,0,preparing to distance at 28
27,3999795,157,48,0,2,3654,0,0,11,3,0,preparing to distance at 28
28,3999784,165,51,0,2,3654,0,0,11,3,0,preparing to relax at 30
29,3999772,174,54,0,2,3654,0,0,12,3,0,preparing to relax at 30
30,3999712,231,57,0,4,3652,0,0,60,3,0,preparing to distance at 32
31,3999632,308,60,0,6,3650,0,0,80,3,0,preparing to distance at 32
32,3999610,327,63,0,6,3650,0,0,22,3,0,preparing to relax at 34
33,3999587,347,66,0,6,3650,0,0,23,3,0,preparing to relax at 34
34,3999471,446,83,0,10,3646,0,0,116,17,0,preparing to distance at 36
35,3999322,573,105,0,15,3641,0,0,149,22,0,preparing to distance at 36
36,3999281,608,111,0,16,3640,0,0,41,6,0,preparing to distance at 38
37,3999238,645,117,0,17,3639,0,0,43,6,0,preparing to distance at 38
38,3999194,659,148,0,17,3639,0,0,44,31,0,preparing to relax at 40
39,3999149,667,186,0,17,3639,0,0,45,38,0,preparing to relax at 40
40,3998918,888,196,0,25,3631,0,0,231,10,0,preparing to distance at 42
41,3998609,1186,207,0,35,3621,0,0,309,11,0,preparing to distance at 42
42,3998524,1260,218,0,37,3619,0,0,85,11,0,preparing to relax at 44
43,3998434,1338,230,0,40,3616,0,0,90,12,0,preparing to relax at 44
44,3997984,1728,291,1,53,3603,0,0,450,61,1,preparing to distance at 46
45,3997404,2228,372,2,71,3585,0,0,580,81,1,preparing to distance at 46
46,3997245,2365,394,2,76,3580,0,0,159,22,0,preparing to distance at 48
47,3997076,2511,417,2,81,3575,0,0,169,23,0,preparing to distance at 48
48,3996903,2568,536,3,83,3573,0,0,173,119,1,preparing to relax at 50
49,3996728,2594,688,5,84,3572,0,0,175,152,2,preparing to relax at 50
50,3995829,3452,730,5,114,3542,0,0,899,42,0,preparing to distance at 52
51,3994629,4609,774,5,155,3501,0,0,1200,44,0,preparing to distance at 52
52,3994300,4894,819,5,165,3491,0,0,329,45,0,preparing to relax at 54
53,3993950,5199,865,5,176,3480,0,0,350,46,0,preparing to relax at 54
54,3992201,6717,1102,7,229,3427,0,0,1749,237,2,preparing to distance at 56
55,3989944,8665,1418,10,297,3359,0,0,2257,316,3,preparing to distance at 56
56,3989325,9199,1504,11,316,3340,0,0,619,86,1,preparing to distance at 58
57,3988668,9766,1596,12,335,3321,0,0,657,92,1,preparing to distance at 58
58,3987996,9988,2056,17,343,3313,0,0,672,460,5,preparing to relax at 60
59,3987317,10087,2650,23,346,3310,0,0,679,594,6,preparing to relax at 60
60,3983821,13424,2812,25,463,3193,0,0,3496,162,2,preparing to distance at 62
61,3979153,17923,2984,27,621,3035,0,0,4668,172,2,preparing to distance at 62
62,3977872,19031,3161,29,659,2997,0,0,1281,177,2,preparing to relax at 64
63,3976512,20216,3340,31,700,2956,0,0,1360,179,2,preparing to relax at 64
64,3969710,26119,4261,40,907,2749,0,0,6802,921,9,preparing to distance at 66
65,3960935,33694,5491,52,1172,2484,0,0,8775,1230,12,preparing to distance at 66
66,3958528,35772,5828,55,1245,2411,0,0,2407,337,3,preparing to distance at 68
67,3955973,37977,6186,59,1322,2334,0,0,2555,358,4,preparing to distance at 68
68,3953359,38842,7978,77,1352,2304,0,0,2614,1792,18,preparing to relax at 70
69,3950720,39224,10290,100,1366,2290,0,0,2639,2312,23,preparing to relax at 70
70,3937126,52199,10924,106,1820,1836,0,0,13594,634,6,preparing to distance at 72
71,3918976,69692,11596,113,2433,1223,0,0,18150,672,7,preparing to distance at 72
72,3913997,73999,12284,120,2584,1072,0,0,4979,688,7,distancing
73,3908707,78610,12979,127,2746,910,0,0,5290,695,7,distancing
74,3903288,80533,16561,163,2813,843,0,0,5419,3582,36,preparing to distance at 76
75,3897815,81338,21344,211,2841,815,0,0,5473,4783,48,preparing to distance at 76
76,3892039,85833,22656,224,2999,657,0,0,5776,1312,13,preparing to distance at 78
77,3885945,90567,24049,238,3165,491,0,0,6094,1393,14,preparing to distance at 78
78,3879902,89808,31019,308,3138,518,0,0,6043,6970,70,distancing
79,3874056,86879,40010,399,3035,621,0,0,5846,8991,91,distancing
80,3867962,90566,42476,424,3164,492,0,0,6094,2466,25,distancing
81,3861613,94360,45094,450,3297,359,0,0,6349,2618,26,distancing
82,3854994,98365,47772,477,3437,219,0,0,6619,2678,27,distancing
83,3848088,102632,50476,504,3586,70,0,0,6906,2704,27,distancing
84,3841665,95461,64404,645,3335,321,0,0,6423,13928,141,distancing
85,3836088,82888,83001,833,2895,761,0,0,5577,18597,188,distancing
86,3830467,83530,88102,885,2917,739,0,0,5621,5101,52,distancing
87,3824823,83884,93522,940,2929,727,0,0,5644,5420,55,distancing
88,3819162,84126,99074,996,2938,718,0,0,5661,5552,56,distancing
89,3813488,84327,104681,1053,2945,711,0,0,5674,5607,57,distancing
90,3807821,84218,110599,1113,2941,715,0,0,5667,5918,60,distancing
91,3802185,83760,116843,1176,2925,731,0,0,5636,6244,63,distancing
92,3796578,83324,123034,1239,2910,746,0,0,5607,6191,63,distancing
93,3790989,83067,129024,1299,2901,755,0,0,5589,5990,60,distancing
94,3785436,82526,135268,1362,2882,774,0,0,5553,6244,63,distancing
95,3779940,81673,141773,1428,2852,804,0,0,5496,6505,66,distancing
96,3774525,80469,148555,1496,2810,846,0,0,5415,6782,68,distancing
97,3769218,78870,155631,1567,2754,902,0,0,5307,7076,71,distancing
98,3763991,77674,162212,1633,2712,944,0,0,5227,6581,66,distancing
99,3758790,77298,167926,1691,2699,957,0,0,5201,5714,58,distancing
100,3753619,76848,173685,1749,2683,973,0,0,5171,5759,58,distancing
101,3748482,76341,179468,1807,2665,991,0,0,5137,5783,58,distancing
102,3743383,75779,185268,1866,2645,1011,0,0,5099,5800,59,distancing
103,3738325,75163,191081,1925,2624,1032,0,0,5058,5813,59,distancing
104,3733311,74510,196887,1984,2601,1055,0,0,5014,5806,59,distancing
105,3728342,73843,202662,2042,2577,1079,0,0,4969,5775,58,distancing
106,3723419,73159,208407,2100,2553,1103,0,0,4923,5745,58,distancing
107,3718544,72445,214133,2158,2528,1128,0,0,4875,5726,58,distancing
108,3713718,71718,219823,2215,2502,1154,0,0,4826,5690,57,distancing
109,3708941,70999,225454,2272,2477,1179,0,0,4777,5631,57,distancing
110,3704210,70315,231002,2328,2453,1203,0,0,4731,5548,56,distancing
111,3699520,69698,236439,2383,2432,1224,0,0,4690,5437,55,distancing
112,3694869,69122,241794,2437,2412,1244,0,0,4651,5355,54,distancing
113,3690258,68532,247123,2491,2391,1265,0,0,4611,5329,54,distancing
114,3685687,67932,252420,2545,2370,1286,0,0,4571,5297,54,distancing
115,3681157,67325,257683,2598,2349,1307,0,0,4530,5263,53,distancing
116,3676668,66715,262907,2651,2328,1328,0,0,4489,5224,53,distancing
117,3672220,66105,268090,2703,2306,1350,0,0,4448,5183,52,distancing
118,3667813,65498,273227,2755,2285,1371,0,0,4407,5137,52,distancing
119,3663446,64896,278318,2806,2264,1392,0,0,4367,5091,51,distancing
120,3659119,64300,283362,2857,2243,1413,0,0,4327,5044,51,distancing
121,3654832,63712,288357,2907,2223,1433,0,0,4287,4995,50,distancing
122,3650584,63134,293301,2957,2203,1453,0,0,4248,4944,50,distancing
123,3646374,62567,298196,3006,2183,1473,0,0,4210,4895,49,distancing
124,3642202,62008,303043,3055,2164,1492,0,0,4172,4847,49,distancing
125,3638067,61453,307848,3104,2144,1512,0,0,4135,4805,49,distancing
126,3633969,60900,312613,3152,2125,1531,0,0,4098,4765,48,distancing
127,3629908,60350,317337,3200,2106,1550,0,0,4061,4724,48,distancing
128,3625884,59803,322020,3247,2087,1569,0,0,4024,4683,47,distancing
129,3621896,59261,326661,3294,2068,1588,0,0,3988,4641,47,preparing to relax at 131
130,3617945,58723,331261,3340,2049,1607,0,0,3951,4600,46,preparing to relax at 131
131,3598832,73388,335818,3386,2562,1094,0,0,19113,4557,46,preparing to distance at 133
132,3574541,93272,340333,3432,3258,398,0,0,24291,4515,46,preparing to distance at 133
133,3568127,95319,344807,3477,3330,326,0,0,6414,4474,45,distancing
134,3561563,97556,349240,3522,3408,248,0,0,6564,4433,45,distancing
135,3554834,99998,353633,3566,3493,163,0,0,6729,4393,44,distancing
136,3547926,102658,357985,3610,3586,70,0,0,6908,4352,44,distancing
137,3540824,105550,362298,3685,3656,-31,31,31,7102,4313,75,distancing
138,3533510,108692,366573,3837,3656,-109,109,109,7314,4275,152,distancing
139,3525967,112100,370809,4000,3656,-120,120,120,7543,4236,163,distancing
140,3518175,115794,375008,4171,3656,-129,129,129,7792,4199,171,distancing
141,3510114,119794,379169,4353,3656,-140,140,140,8061,4161,182,distancing
142,3501762,124122,383291,4547,3656,-152,152,152,8352,4122,194,distancing
143,3493095,128801,387377,4752,3656,-164,164,164,8667,4086,205,distancing
144,3484088,133857,391425,4970,3656,-177,177,177,9007,4048,218,distancing
145,3475810,123022,411008,5168,3277,379,0,0,8278,19583,198,distancing
146,3468687,105854,435898,5419,2676,980,0,0,7123,24890,251,distancing
147,3461513,106614,442470,5485,2703,953,0,0,7174,6572,66,distancing
148,3454295,107268,449195,5553,2726,930,0,0,7218,6725,68,distancing
149,3447042,107792,456089,5623,2744,912,0,0,7253,6894,70,distancing
150,3439764,108162,463167,5694,2757,899,0,0,7278,7078,71,distancing
151,3432473,108351,470413,5767,2795,861,0,0,7291,7246,73,distancing
152,3425184,108326,477798,5842,2904,752,0,0,7289,7385,75,distancing
153,3417913,108054,485408,5919,3014,642,0,0,7271,7610,77,distancing
154,3410680,107495,493264,5998,3124,532,0,0,7233,7856,79,distancing
155,3403507,106607,501385,6080,3233,423,0,0,7173,8121,82,distancing
156,3396419,105343,509792,6165,3341,315,0,0,7088,8407,85,distancing
157,3389445,103650,518510,6253,3446,210,0,0,6974,8718,88,distancing
158,3382617,101471,527564,6344,3546,110,0,0,6828,9054,91,distancing
159,3375894,99916,536045,6430,3492,164,0,0,6723,8481,86,distancing
160,3369200,99487,543343,6504,3477,179,0,0,6694,7298,74,distancing
161,3362540,98973,550694,6578,3459,197,0,0,6660,7351,74,distancing
162,3355921,98374,558089,6653,3438,218,0,0,6619,7395,75,distancing
163,3349347,97695,565520,6728,3415,241,0,0,6574,7431,75,distancing
164,3342824,96940,572977,6803,3389,267,0,0,6523,7457,75,distancing
165,3336356,96117,580448,6878,3360,296,0,0,6468,7471,75,distancing
166,3329948,95236,587917,6953,3329,327,0,0,6408,7469,75,distancing
167,3323602,94311,595367,7028,3297,359,0,0,6346,7450,75,distancing
168,3317320,93360,602778,7103,3263,393,0,0,6282,7411,75,distancing
169,3311102,92405,610128,7177,3229,427,0,0,6218,7350,74,distancing
170,3304947,91472,617391,7250,3196,460,0,0,6155,7263,73,distancing
171,3298851,90594,624537,7322,3165,491,0,0,6096,7146,72,distancing
172,3292808,89809,631532,7393,3138,518,0,0,6043,6995,71,distancing
173,3286814,89080,638420,7463,3112,544,0,0,5994,6888,70,distancing
174,3280870,88330,645279,7532,3086,570,0,0,5944,6859,69,distancing
175,3274978,87562,652103,7601,3059,597,0,0,5892,6824,69,distancing
176,3269139,86782,658885,7669,3032,624,0,0,5839,6782,68,distancing
177,3263353,85994,665621,7737,3004,652,0,0,5786,6736,68,distancing
178,3257620,85204,672304,7805,2976,680,0,0,5733,6683,68,distancing
179,3251940,84416,678931,7872,2948,708,0,0,5680,6627,67,distancing
180,3246312,83636,685497,7938,2920,736,0,0,5628,6566,66,distancing
181,3240736,82866,691999,8004,2893,763,0,0,5576,6502,66,distancing
182,3235211,82109,698435,8069,2867,789,0,0,5525,6436,65,distancing
183,3229736,81366,704806,8133,2841,815,0,0,5475,6371,64,distancing
184,3224310,80637,711112,8197,2815,841,0,0,5426,6306,64,distancing
185,3218932,79919,717358,8260,2790,866,0,0,5378,6246,63,distancing
186,3213602,79206,723549,8323,2765,891,0,0,5330,6191,63,distancing
187,3208320,78494,729690,8385,2740,916,0,0,5282,6141,62,distancing
188,3203086,77784,735780,8447,2715,941,0,0,5234,6090,62,distancing
189,3197900,77078,741817,8508,2690,966,0,0,5186,6037,61,distancing
190,3192761,76378,747800,8568,2665,991,0,0,5139,5983,60,distancing
191,3187668,75685,753728,8628,2641,1015,0,0,5093,5928,60,distancing
192,3182621,74999,759602,8687,2617,1039,0,0,5047,5874,59,distancing
193,3177620,74320,765421,8746,2594,1062,0,0,5001,5819,59,distancing
194,3172664,73648,771187,8804,2571,1085,0,0,4956,5766,58,distancing
195,3167753,72983,776900,8862,2547,1109,0,0,4911,5713,58,distancing
196,3162886,72325,782561,8919,2524,1132,0,0,4867,5661,57,distancing
197,3158063,71673,788170,8976,2501,1155,0,0,4823,5609,57,distancing
198,3153284,71026,793729,9032,2479,1177,0,0,4779,5559,56,distancing
199,3148548,70384,799239,9088,2456,1200,0,0,4736,5510,56,distancing
200,3143855,69747,804700,9143,2434,1222,0,0,4693,5461,55,distancing
201,3139204,69116,810111,9198,2412,1244,0,0,4651,5411,55,distancing
202,3134595,68491,815474,9252,2390,1266,0,0,4609,5363,54,distancing
203,3130028,67872,820787,9306,2368,1288,0,0,4567,5313,54,distancing
204,3125502,67259,826052,9359,2347,1309,0,0,4526,5265,53,distancing
205,3121017,66651,831270,9412,2325,1331,0,0,4485,5218,53,distancing
206,3116573,66048,836441,9464,2304,1352,0,0,4444,5171,52,distancing
207,3112169,65451,841565,9516,2283,1373,0,0,4404,5124,52,distancing
208,3107805,64859,846643,9567,2262,1394,0,0,4364,5078,51,distancing
209,3103480,64273,851674,9618,2242,1414,0,0,4325,5031,51,distancing
210,3099194,63692,856661,9668,2222,1434,0,0,4286,4987,50,distancing
211,3094947,63116,861602,9718,2202,1454,0,0,4247,4941,50,distancing
212,3090738,62546,866499,9767,2182,1474,0,0,4209,4897,49,distancing
213,3086567,61981,871351,9816,2162,1494,0,0,4171,4852,49,distancing
214,3082434,61421,876159,9865,2142,1514,0,0,4133,4808,49,distancing
215,3078338,60866,880924,9913,2123,1533,0,0,4096,4765,48,distancing
216,3074279,60316,885646,9961,2104,1552,0,0,4059,4722,48,distancing
217,3070257,59771,890325,10008,2085,1571,0,0,4022,4679,47,distancing
218,3066271,59231,894962,10055,2066,1590,0,0,3986,4637,47,preparing to relax at 220
219,3062321,58696,899557,10101,2048,1608,0,0,3950,4595,46,preparing to relax at 220
220,3043217,73356,904110,10147,2561,1095,0,0,19104,4553,46,preparing to distance at 222
221,3018936,93233,908622,10193,3256,400,0,0,24281,4512,46,preparing to distance at 222
222,3012525,95280,913093,10238,3328,328,0,0,6411,4471,45,distancing
223,3005963,97517,917524,10283,3406,250,0,0,6562,4431,45,distancing
224,2999237,99957,921916,10327,3491,165,0,0,6726,4392,44,distancing
225,2992332,102615,926267,10371,3584,72,0,0,6905,4351,44,distancing
226,2985233,105505,930579,10444,3656,-29,29,29,7099,4312,73,distancing
227,2977922,108645,934852,10597,3656,-110,110,110,7311,4273,153,distancing
228,2970382,112052,939086,10759,3656,-119,119,119,7540,4234,162,distancing
229,2962594,115744,943283,10930,3656,-129,129,129,7788,4197,171,distancing
230,2954537,119742,947442,11111,3656,-139,139,139,8057,4159,181,distancing
231,2946189,124068,951562,11305,3656,-152,152,152,8348,4120,194,distancing
232,2937526,128745,955646,11510,3656,-164,164,164,8663,4084,205,distancing
233,2928523,133798,959693,11728,3656,-177,177,177,9003,4047,218,distancing
234,2920249,122968,979267,11926,3277,379,0,0,8274,19574,198,distancing
235,2913129,105807,1004146,12177,2677,979,0,0,7120,24879,251,distancing
236,2905958,106567,1010715,12243,2703,953,0,0,7171,6569,66,distancing
237,2898743,107220,1017438,12311,2726,930,0,0,7215,6723,68,distancing
238,2891493,107744,1024329,12381,2744,912,0,0,7250,6891,70,distancing
239,2884218,108114,1031404,12452,2757,899,0,0,7275,7075,71,distancing
240,2876930,108303,1038649,12525,2793,863,0,0,7288,7245,73,distancing
241,2869644,108278,1046030,12600,2903,753,0,0,7286,7381,75,distancing
242,2862376,108006,1053637,12677,3013,643,0,0,7268,7607,77,distancing
243,2855146,107448,1061489,12756,3123,533,0,0,7230,7852,79,distancing
244,2847976,106561,1069606,12838,3231,425,0,0,7170,8117,82,distancing
245,2840891,105298,1078009,12923,3338,318,0,0,7085,8403,85,distancing
246,2833919,103607,1086723,13011,3443,213,0,0,6972,8714,88,distancing
247,2827094,101429,1095773,13102,3543,113,0,0,6825,9050,91,distancing
248,2820374,99875,1104250,13188,3489,167,0,0,6720,8477,86,distancing
249,2813682,99447,1111545,13262,3474,182,0,0,6692,7295,74,distancing
250,2807025,98933,1118892,13336,3456,200,0,0,6657,7347,74,distancing
251,2800408,98335,1126284,13411,3435,221,0,0,6617,7392,75,distancing
252,2793837,97656,1133712,13486,3411,245,0,0,6571,7428,75,distancing
253,2787317,96901,1141166,13561,3385,271,0,0,6520,7454,75,distancing
254,2780852,96078,1148634,13636,3356,300,0,0,6465,7468,75,distancing
255,2774446,95198,1156100,13711,3325,331,0,0,6406,7466,75,distancing
256,2768102,94274,1163547,13786,3293,363,0,0,6344,7447,75,distancing
257,2761822,93324,1170955,13861,3259,397,0,0,6280,7408,75,distancing
258,2755607,92369,1178301,13935,3226,430,0,0,6215,7346,74,distancing
259,2749454,91437,1185560,14008,3194,462,0,0,6153,7259,73,distancing
260,2743360,90559,1192704,14080,3163,493,0,0,6094,7144,72,distancing
261,2737319,89775,1199696,14151,3136,520,0,0,6041,6992,71,distancing
262,2731327,89047,1206581,14221,3110,546,0,0,5992,6885,70,distancing
263,2725386,88296,1213438,14290,3083,573,0,0,5941,6857,69,distancing
264,2719496,87529,1220258,14359,3057,599,0,0,5890,6820,69,distancing
265,2713659,86749,1227038,14427,3030,626,0,0,5837,6780,68,distancing
266,2707875,85962,1233770,14495,3003,653,0,0,5784,6732,68,distancing
267,2702144,85173,1240451,14562,2975,681,0,0,5731,6681,67,distancing
268,2696466,84386,1247075,14629,2947,709,0,0,5678,6624,67,distancing
269,2690840,83606,1253639,14695,2919,737,0,0,5626,6564,66,distancing
270,2685266,82836,1260139,14761,2892,764,0,0,5574,6500,66,distancing
271,2679743,82079,1266573,14826,2866,790,0,0,5523,6434,65,distancing
272,2674270,81337,1272941,14890,2840,816,0,0,5473,6368,64,distancing
273,2668846,80608,1279245,14954,2814,842,0,0,5424,6304,64,distancing
274,2663470,79890,1285489,15017,2789,867,0,0,5376,6244,63,distancing
275,2658142,79177,1291678,15080,2764,892,0,0,5328,6189,63,distancing
276,2652862,78465,1297817,15142,2739,917,0,0,5280,6139,62,distancing
277,2647630,77756,1303904,15203,2715,941,0,0,5232,6087,61,distancing
278,2642445,77051,1309939,15264,2690,966,0,0,5185,6035,61,distancing
279,2637307,76352,1315920,15324,2665,991,0,0,5138,5981,60,distancing
280,2632216,75659,1321846,15384,2641,1015,0,0,5091,5926,60,distancing
281,2627171,74973,1327718,15443,2617,1039,0,0,5045,5872,59,distancing
282,2622172,74294,1333535,15502,2593,1063,0,0,4999,5817,59,distancing
283,2617218,73622,1339299,15560,2570,1086,0,0,4954,5764,58,distancing
284,2612309,72957,1345010,15618,2546,1110,0,0,4909,5711,58,distancing
285,2607444,72299,1350669,15675,2523,1133,0,0,4865,5659,57,distancing
286,2602623,71647,1356276,15732,2500,1156,0,0,4821,5607,57,distancing
287,2597845,71001,1361833,15788,2478,1178,0,0,4778,5557,56,distancing
288,2593111,70359,1367341,15844,2455,1201,0,0,4734,5508,56,distancing
289,2588419,69723,1372800,15899,2433,1223,0,0,4692,5459,55,distancing
290,2583770,69092,1378209,15954,2411,1245,0,0,4649,5409,55,distancing
291,2579163,68467,1383570,16008,2389,1267,0,0,4607,5361,54,distancing
292,2574598,67847,1388882,16062,2367,1289,0,0,4565,5312,54,distancing
293,2570074,67233,1394146,16115,2346,1310,0,0,4524,5264,53,distancing
294,2565591,66625,1399362,16168,2324,1332,0,0,4483,5216,53,distancing
295,2561148,66023,1404531,16220,2303,1353,0,0,4443,5169,52,distancing
296,2556746,65426,1409652,16272,2283,1373,0,0,4402,5121,52,distancing
297,2552383,64835,1414728,16323,2262,1394,0,0,4363,5076,51,distancing
298,2548060,64249,1419757,16374,2242,1414,0,0,4323,5029,51,distancing
299,2543776,63668,1424742,16424,2221,1435,0,0,4284,4985,50,distancing
300,2539531,63092,1429681,16474,2201,1455,0,0,4245,4939,50,distancing
301,2535324,62521,1434577,16523,2181,1475,0,0,4207,4896,49,distancing
302,2531155,61956,1439427,16572,2161,1495,0,0,4169,4850,49,distancing
303,2527024,61395,1444234,16621,2141,1515,0,0,4131,4807,49,distancing
304,2522930,60840,1448997,16669,2122,1534,0,0,4094,4763,48,distancing
305,2518873,60290,1453717,16717,2102,1554,0,0,4057,4720,48,distancing
306,2514853,59745,1458394,16764,2083,1573,0,0,4020,4677,47,distancing
307,2510869,59205,1463029,16811,2064,1592,0,0,3984,4635,47,preparing to relax at 309
308,2506921,58670,1467622,16857,2046,1610,0,0,3948,4593,46,preparing to relax at 309
309,2487825,73323,1472174,16903,2559,1097,0,0,19096,4552,46,preparing to distance at 311
310,2463555,93191,1476684,16949,3254,402,0,0,24270,4510,46,preparing to distance at 311
311,2457147,95236,1481154,16994,3326,330,0,0,6408,4470,45,distancing
312,2450588,97472,1485583,17039,3404,252,0,0,6559,4429,45,distancing
313,2443865,99911,1489972,17083,3490,166,0,0,6723,4389,44,distancing
314,2436963,102568,1494321,17127,3583,73,0,0,6902,4349,44,distancing
315,2429867,105457,1498631,17199,3656,-28,28,28,7096,4310,72,distancing
316,2422560,108595,1502902,17352,3656,-110,110,110,7307,4271,153,distancing
317,2415024,112000,1507134,17514,3656,-119,119,119,7536,4232,162,distancing
318,2407239,115691,1511329,17685,3656,-129,129,129,7785,4195,171,distancing
319,2399185,119688,1515485,17867,3656,-140,140,140,8054,4156,182,distancing
320,2390840,124013,1519603,18061,3656,-152,152,152,8345,4118,194,distancing
321,2382181,128688,1523685,18266,3656,-164,164,164,8659,4082,205,distancing
322,2373182,133739,1527730,18483,3656,-176,176,176,8999,4045,217,distancing
323,2364911,122914,1547296,18681,3277,379,0,0,8271,19566,198,distancing
324,2357795,105760,1572164,18932,2677,979,0,0,7116,24868,251,distancing
325,2350627,106520,1578730,18998,2703,953,0,0,7168,6566,66,distancing
326,2343416,107172,1585450,19066,2726,930,0,0,7211,6720,68,distancing
327,2336169,107696,1592338,19136,2744,912,0,0,7247,6888,70,distancing
328,2328897,108066,1599410,19207,2757,899,0,0,7272,7072,71,distancing
329,2321613,108254,1606653,19280,2791,865,0,0,7284,7243,73,distancing
330,2314330,108230,1614030,19355,2900,756,0,0,7283,7377,75,distancing
331,2307066,107958,1621633,19432,3010,646,0,0,7264,7603,77,distancing
332,2299839,107400,1629482,19511,3119,537,0,0,7227,7849,79,distancing
333,2292672,106513,1637595,19593,3228,428,0,0,7167,8113,82,distancing
334,2285590,105250,1645995,19678,3335,321,0,0,7082,8400,85,distancing
335,2278622,103559,1654705,19766,3439,217,0,0,6968,8710,88,distancing
336,2271800,101382,1663751,19857,3539,117,0,0,6822,9046,91,distancing
337,2265083,99828,1672225,19943,3485,171,0,0,6717,8474,86,distancing
338,2258394,99401,1679516,20017,3470,186,0,0,6689,7291,74,distancing
339,2251740,98887,1686860,20091,3452,204,0,0,6654,7344,74,distancing
340,2245126,98290,1694248,20166,3431,225,0,0,6614,7388,75,distancing
341,2238558,97611,1701673,20241,3407,249,0,0,6568,7425,75,distancing
342,2232041,96856,1709124,20316,3381,275,0,0,6517,7451,75,distancing
343,2225579,96034,1716587,20391,3353,303,0,0,6462,7463,75,distancing
344,2219176,95154,1724049,20466,3323,333,0,0,6403,7462,75,distancing
345,2212835,94231,1731492,20541,3290,366,0,0,6341,7443,75,distancing
346,2206558,93281,1738896,20616,3257,399,0,0,6277,7404,75,distancing
347,2200345,92327,1746239,20690,3224,432,0,0,6213,7343,74,distancing
348,2194195,91395,1753495,20763,3192,464,0,0,6150,7256,73,distancing
349,2188104,90518,1760634,20835,3162,494,0,0,6091,7139,72,distancing
350,2182066,89734,1767623,20906,3135,521,0,0,6038,6989,71,distancing
351,2176077,89006,1774505,20976,3109,547,0,0,5989,6882,70,distancing
352,2170138,88256,1781359,21045,3082,574,0,0,5939,6854,69,distancing
353,2164251,87489,1788176,21114,3056,600,0,0,5887,6817,69,distancing
354,2158416,86710,1794953,21182,3029,627,0,0,5835,6777,68,distancing
355,2152634,85924,1801682,21250,3002,654,0,0,5782,6729,68,distancing
356,2146905,85136,1808360,21317,2974,682,0,0,5729,6678,67,distancing
357,2141229,84350,1814981,21384,2946,710,0,0,5676,6621,67,distancing
358,2135606,83570,1821542,21450,2918,738,0,0,5623,6561,66,distancing
359,2130034,82801,1828038,21516,2892,764,0,0,5572,6496,66,distancing
360,2124513,82045,1834469,21581,2866,790,0,0,5521,6431,65,distancing
361,2119042,81303,1840835,21645,2840,816,0,0,5471,6366,64,distancing
362,2113620,80575,1847136,21709,2814,842,0,0,5422,6301,64,distancing
363,2108247,79857,1853377,21772,2789,867,0,0,5373,6241,63,distancing
364,2102921,79145,1859564,21834,2764,892,0,0,5326,6187,62,distancing
365,2097643,78434,1865700,21896,2739,917,0,0,5278,6136,62,distancing
366,2092413,77725,1871785,21957,2715,941,0,0,5230,6085,61,distancing
367,2087230,77021,1877817,22018,2690,966,0,0,5183,6032,61,distancing
368,2082094,76322,1883796,22078,2665,991,0,0,5136,5979,60,distancing
369,2077005,75629,1889720,22138,2641,1015,0,0,5089,5924,60,distancing
370,2071962,74943,1895590,22197,2617,1039,0,0,5043,5870,59,distancing
371,2066965,74264,1901405,22256,2593,1063,0,0,4997,5815,59,distancing
372,2062013,73593,1907166,22314,2570,1086,0,0,4952,5761,58,distancing
373,2057106,72928,1912875,22372,2546,1110,0,0,4907,5709,58,distancing
374,2052243,72270,1918532,22429,2523,1133,0,0,4863,5657,57,distancing
375,2047424,71618,1924137,22486,2500,1156,0,0,4819,5605,57,distancing
376,2042648,70972,1929692,22542,2478,1178,0,0,4776,5555,56,distancing
377,2037916,70331,1935197,22598,2455,1201,0,0,4732,5505,56,distancing
378,2033226,69695,1940654,22653,2433,1223,0,0,4690,5457,55,distancing
379,2028579,69064,1946061,22708,2411,1245,0,0,4647,5407,55,distancing
380,2023974,68439,1951420,22762,2389,1267,0,0,4605,5359,54,distancing
381,2019411,67819,1956730,22816,2367,1289,0,0,4563,5310,54,distancing
382,2014889,67205,1961992,22869,2346,1310,0,0,4522,5262,53,distancing
383,2010408,66597,1967206,22922,2324,1332,0,0,4481,5214,53,distancing
384,2005967,65995,1972373,22974,2303,1353,0,0,4441,5167,52,distancing
385,2001566,65399,1977492,23026,2283,1373,0,0,4401,5119,52,distancing
386,1997205,64808,1982566,23077,2262,1394,0,0,4361,5074,51,distancing
387,1992884,64222,1987593,23128,2242,1414,0,0,4321,5027,51,distancing
388,1988602,63641,1992576,23178,2221,1435,0,0,4282,4983,50,distancing
389,1984358,63066,1997513,23228,2201,1455,0,0,4244,4937,50,distancing
390,1980153,62495,2002407,23277,2181,1475,0,0,4205,4894,49,distancing
391,1975986,61930,2007255,23326,2161,1495,0,0,4167,4848,49,distancing
392,1971857,61369,2012060,23375,2141,1515,0,0,4129,4805,49,distancing
393,1967765,60814,2016821,23423,2122,1534,0,0,4092,4761,48,distancing
394,1963710,60264,2021539,23471,2102,1554,0,0,4055,4718,48,distancing
395,1959692,59719,2026214,23518,2083,1573,0,0,4018,4675,47,distancing
396,1955710,59179,2030847,23565,2064,1592,0,0,3982,4633,47,preparing to relax at 398
397,1951764,58644,2035438,23611,2046,1610,0,0,3946,4591,46,preparing to relax at 398
398,1932677,73290,2039988,23657,2559,1097,0,0,19087,4550,46,preparing to distance at 400
399,1908418,93148,2044497,23703,3254,402,0,0,24259,4509,46,preparing to distance at 400
400,1902013,95192,2048965,23748,3326,330,0,0,6405,4468,45,distancing
401,1895457,97427,2053392,23793,3404,252,0,0,6556,4427,45,distancing
402,1888737,99865,2057779,23837,3490,166,0,0,6720,4387,44,distancing
403,1881839,102519,2062127,23881,3583,73,0,0,6898,4348,44,distancing
404,1874746,105407,2066435,23953,3656,-28,28,28,7093,4308,72,distancing
405,1867442,108544,2070704,24106,3656,-110,110,110,7304,4269,153,distancing
406,1859909,111948,2074934,24268,3656,-119,119,119,7533,4230,162,distancing
407,1852128,115637,2079127,24439,3656,-129,129,129,7781,4193,171,distancing
408,1844078,119632,2083281,24621,3656,-140,140,140,8050,4154,182,distancing
409,1835737,123955,2087397,24814,3656,-151,151,151,8341,4116,193,distancing
410,1827082,128628,2091477,25018,3656,-163,163,163,8655,4080,204,distancing
411,1818087,133677,2095520,25235,3656,-176,176,176,8995,4043,217,distancing
412,1809820,122857,2115077,25433,3277,379,0,0,8267,19557,198,distancing
413,1802707,105711,2139934,25684,2676,980,0,0,7113,24857,251,distancing
414,1795543,106470,2146497,25750,2702,954,0,0,7164,6563,66,distancing
415,1788335,107122,2153214,25818,2725,931,0,0,7208,6717,68,distancing
416,1781092,107645,2160099,25888,2743,913,0,0,7243,6885,70,distancing
417,1773824,108015,2167167,25959,2756,900,0,0,7268,7068,71,distancing
418,1766543,108203,2174407,26032,2790,866,0,0,7281,7240,73,distancing
419,1759264,108178,2181782,26106,2899,757,0,0,7279,7375,74,distancing
420,1752003,107906,2189382,26183,3009,647,0,0,7261,7600,77,distancing
421,1744780,107348,2197227,26262,3118,538,0,0,7223,7845,79,distancing
422,1737616,106462,2205336,26344,3227,429,0,0,7164,8109,82,distancing
423,1730537,105200,2213732,26429,3334,322,0,0,7079,8396,85,distancing
424,1723572,103510,2222438,26517,3438,218,0,0,6965,8706,88,distancing
425,1716753,101334,2231480,26608,3538,118,0,0,6819,9042,91,distancing
426,1710039,99781,2239950,26694,3483,173,0,0,6714,8470,86,distancing
427,1703354,99353,2247237,26768,3468,188,0,0,6685,7287,74,distancing
428,1696703,98840,2254577,26842,3450,206,0,0,6651,7340,74,distancing
429,1690092,98243,2261962,26917,3429,227,0,0,6611,7385,75,distancing
430,1683527,97565,2269383,26992,3405,251,0,0,6565,7421,75,distancing
431,1677013,96811,2276830,27067,3378,278,0,0,6514,7447,75,distancing
432,1670554,95989,2284290,27142,3350,306,0,0,6459,7460,75,distancing
433,1664154,95110,2291748,27217,3320,336,0,0,6400,7458,75,distancing
434,1657816,94187,2299188,27292,3287,369,0,0,6338,7440,75,distancing
435,1651542,93238,2306588,27367,3254,402,0,0,6274,7400,75,distancing
436,1645332,92284,2313928,27441,3221,435,0,0,6210,7340,74,distancing
437,1639185,91352,2321181,27514,3189,467,0,0,6147,7253,73,distancing
438,1633097,90475,2328317,27586,3159,497,0,0,6088,7136,72,distancing
439,1627062,89691,2335303,27657,3132,524,0,0,6035,6986,71,distancing
440,1621076,88963,2342182,27726,3107,549,0,0,5986,6879,69,distancing
441,1615140,88214,2349031,27795,3081,575,0,0,5936,6849,69,distancing
442,1609256,87447,2355845,27864,3054,602,0,0,5884,6814,69,distancing
443,1603424,86668,2362619,27932,3027,629,0,0,5832,6774,68,distancing
444,1597645,85882,2369345,28000,3000,656,0,0,5779,6726,68,distancing
445,1591919,85094,2376019,28067,2973,683,0,0,5726,6674,67,distancing
446,1586246,84308,2382637,28134,2945,711,0,0,5673,6618,67,distancing
447,1580625,83529,2389195,28200,2917,739,0,0,5621,6558,66,distancing
448,1575056,82760,2395688,28266,2890,766,0,0,5569,6493,66,distancing
449,1569538,82004,2402116,28331,2864,792,0,0,5518,6428,65,distancing
450,1564070,81262,2408479,28395,2838,818,0,0,5468,6363,64,distancing
451,1558651,80534,2414777,28459,2812,844,0,0,5419,6298,64,distancing
452,1553280,79817,2421015,28522,2786,870,0,0,5371,6238,63,distancing
453,1547957,79105,2427199,28584,2761,895,0,0,5323,6184,62,distancing
454,1542682,78394,2433332,28646,2736,920,0,0,5275,6133,62,distancing
455,1537455,77685,2439414,28707,2711,945,0,0,5227,6082,61,distancing
456,1532275,76981,2445442,28768,2687,969,0,0,5180,6028,61,distancing
457,1527142,76282,2451418,28828,2662,994,0,0,5133,5976,60,distancing
458,1522056,75589,2457339,28888,2638,1018,0,0,5086,5921,60,distancing
459,1517016,74903,2463206,28947,2614,1042,0,0,5040,5867,59,distancing
460,1512022,74224,2469018,29006,2590,1066,0,0,4994,5812,59,distancing
461,1507073,73552,2474777,29064,2567,1089,0,0,4949,5759,58,distancing
462,1502169,72887,2480482,29122,2544,1112,0,0,4904,5705,58,distancing
463,1497309,72229,2486136,29179,2521,1135,0,0,4860,5654,57,distancing
464,1492493,71577,2491738,29236,2498,1158,0,0,4816,5602,57,distancing
465,1487720,70931,2497290,29292,2476,1180,0,0,4773,5552,56,distancing
466,1482990,70290,2502792,29348,2454,1202,0,0,4730,5502,56,distancing
467,1478303,69654,2508246,29403,2432,1224,0,0,4687,5454,55,distancing
468,1473659,69023,2513650,29458,2410,1246,0,0,4644,5404,55,distancing
469,1469057,68398,2519005,29512,2389,1267,0,0,4602,5355,54,distancing
470,1464496,67779,2524312,29566,2367,1289,0,0,4561,5307,54,distancing
471,1459977,67165,2529571,29619,2346,1310,0,0,4519,5259,53,distancing
472,1455498,66558,2534782,29672,2324,1332,0,0,4479,5211,53,distancing
473,1451060,65956,2539946,29724,2303,1353,0,0,4438,5164,52,distancing
474,1446662,65360,2545062,29776,2282,1374,0,0,4398,5116,52,distancing
475,1442304,64769,2550133,29827,2261,1395,0,0,4358,5071,51,distancing
476,1437985,64184,2555157,29878,2241,1415,0,0,4319,5024,51,distancing
477,1433705,63604,2560137,29928,2220,1436,0,0,4280,4980,50,distancing
478,1429464,63029,2565071,29978,2200,1456,0,0,4241,4934,50,distancing
479,1425261,62459,2569962,30027,2180,1476,0,0,4203,4891,49,distancing
480,1421096,61894,2574808,30076,2160,1496,0,0,4165,4846,49,distancing
481,1416969,61334,2579610,30125,2140,1516,0,0,4127,4802,49,distancing
482,1412879,60780,2584368,30173,2121,1535,0,0,4090,4758,48,distancing
483,1408826,60231,2589083,30221,2101,1555,0,0,4053,4715,48,distancing
484,1404810,59686,2593756,30268,2082,1574,0,0,4016,4673,47,distancing
485,1400830,59147,2598386,30315,2063,1593,0,0,3980,4630,47,preparing to relax at 487
486,1396886,58612,2602975,30361,2045,1611,0,0,3944,4589,46,preparing to relax at 487
487,1377809,73251,2607522,30407,2557,1099,0,0,19077,4547,46,preparing to distance at 489
488,1353563,93099,2612027,30453,3252,404,0,0,24246,4505,46,preparing to distance at 489
489,1347161,95143,2616492,30498,3324,332,0,0,6402,4465,45,distancing
490,1340609,97376,2620917,30543,3402,254,0,0,6552,4425,45,distancing
491,1333893,99812,2625302,30587,3488,168,0,0,6716,4385,44,distancing
492,1326998,102466,2629647,30631,3581,75,0,0,6895,4345,44,distancing
493,1319909,105352,2633954,30700,3656,-26,26,25,7089,4307,69,distancing
494,1312609,108487,2638221,30853,3656,-110,110,110,7300,4267,153,distancing
495,1305080,111889,2642449,31015,3656,-119,119,119,7529,4228,162,distancing
496,1297303,115576,2646640,31186,3656,-129,129,129,7777,4191,171,distancing
497,1289257,119569,2650792,31368,3656,-140,140,140,8046,4152,182,distancing
498,1280921,123889,2654906,31561,3656,-151,151,151,8336,4114,193,distancing
499,1272270,128560,2658984,31765,3656,-163,163,163,8651,4078,204,distancing
500,1263280,133606,2663025,31982,3656,-176,176,176,8990,4041,217,distancing
501,1255018,122791,2682572,32179,3278,378,0,0,8262,19547,197,distancing
502,1247909,105654,2707415,32430,2678,978,0,0,7109,24843,251,distancing
503,1240749,106412,2713975,32496,2704,952,0,0,7160,6560,66,distancing
504,1233545,107064,2720688,32564,2727,929,0,0,7204,6713,68,distancing
505,1226306,107587,2727569,32634,2745,911,0,0,7239,6881,70,distancing
506,1219042,107956,2734634,32705,2758,898,0,0,7264,7065,71,distancing
507,1211765,108144,2741872,32778,2790,866,0,0,7277,7238,73,distancing
508,1204490,108119,2749243,32852,2899,757,0,0,7275,7371,74,distancing
509,1197233,107847,2756839,32929,3008,648,0,0,7257,7596,77,distancing
510,1190014,107289,2764680,33008,3117,539,0,0,7219,7841,79,distancing
511,1182854,106403,2772785,33090,3226,430,0,0,7160,8105,82,distancing
512,1175779,105142,2781176,33175,3333,323,0,0,7075,8391,85,distancing
513,1168818,103452,2789878,33263,3437,219,0,0,6961,8702,88,distancing
514,1162003,101277,2798915,33354,3537,119,0,0,6815,9037,91,distancing
515,1155293,99725,2807380,33440,3482,174,0,0,6710,8465,86,distancing
516,1148611,99298,2814663,33514,3467,189,0,0,6682,7283,74,distancing
517,1141964,98785,2821999,33588,3449,207,0,0,6647,7336,74,distancing
518,1135357,98188,2829380,33663,3428,228,0,0,6607,7381,75,distancing
519,1128796,97510,2836797,33738,3404,252,0,0,6561,7417,75,distancing
520,1122285,96757,2844240,33813,3377,279,0,0,6511,7443,75,distancing
521,1115830,95935,2851696,33888,3348,308,0,0,6455,7456,75,distancing
522,1109434,95056,2859150,33963,3317,339,0,0,6396,7454,75,distancing
523,1103100,94133,2866585,34038,3285,371,0,0,6334,7435,75,distancing
524,1096830,93184,2873981,34113,3252,404,0,0,6270,7396,75,distancing
525,1090624,92230,2881317,34187,3219,437,0,0,6206,7336,74,distancing
526,1084481,91298,2888566,34260,3187,469,0,0,6143,7249,73,distancing
527,1078397,90421,2895698,34332,3156,500,0,0,6084,7132,72,distancing
528,1072365,89638,2902680,34403,3129,527,0,0,6032,6982,71,distancing
529,1066382,88911,2909555,34472,3104,552,0,0,5983,6875,69,distancing
530,1060450,88161,2916401,34541,3078,578,0,0,5932,6846,69,distancing
531,1054569,87395,2923211,34610,3051,605,0,0,5881,6810,69,distancing
532,1048741,86616,2929981,34678,3023,633,0,0,5828,6770,68,distancing
533,1042966,85830,2936703,34746,2996,660,0,0,5775,6722,68,distancing
534,1037244,85041,2943374,34813,2969,687,0,0,5722,6671,67,distancing
535,1031575,84255,2949987,34880,2942,714,0,0,5669,6613,67,distancing
536,1025958,83476,2956540,34946,2915,741,0,0,5617,6553,66,distancing
537,1020393,82707,2963029,35012,2888,768,0,0,5565,6489,66,distancing
538,1014879,81951,2969453,35077,2861,795,0,0,5514,6424,65,distancing
539,1009415,81209,2975812,35141,2835,821,0,0,5464,6359,64,distancing
540,1004000,80481,2982106,35205,2809,847,0,0,5415,6294,64,distancing
541,998633,79764,2988339,35268,2784,872,0,0,5367,6233,63,distancing
542,993314,79051,2994520,35330,2759,897,0,0,5319,6181,62,distancing
543,988043,78339,3000650,35392,2734,922,0,0,5271,6130,62,distancing
544,982819,77631,3006728,35453,2709,947,0,0,5224,6078,61,distancing
545,977643,76926,3012753,35514,2685,971,0,0,5176,6025,61,distancing
546,972514,76227,3018724,35574,2661,995,0,0,5129,5971,60,distancing
547,967431,75535,3024641,35634,2636,1020,0,0,5083,5917,60,distancing
548,962394,74850,3030504,35693,2612,1044,0,0,5037,5863,59,distancing
549,957403,74172,3036312,35752,2588,1068,0,0,4991,5808,59,distancing
550,952457,73501,3042067,35810,2565,1091,0,0,4946,5755,58,distancing
551,947556,72837,3047768,35868,2542,1114,0,0,4901,5701,58,distancing
552,942699,72180,3053417,35925,2519,1137,0,0,4857,5649,57,distancing
553,937886,71529,3059015,35982,2496,1160,0,0,4813,5598,57,distancing
554,933116,70884,3064563,36038,2473,1183,0,0,4770,5548,56,distancing
555,928389,70244,3070061,36094,2451,1205,0,0,4727,5498,56,distancing
556,923705,69609,3075511,36149,2428,1228,0,0,4684,5450,55,distancing
557,919063,68980,3080911,36204,2406,1250,0,0,4642,5400,55,distancing
558,914463,68356,3086263,36258,2385,1271,0,0,4600,5352,54,distancing
559,909905,67738,3091566,36312,2363,1293,0,0,4558,5303,54,distancing
560,905388,67126,3096821,36365,2342,1314,0,0,4517,5255,53,distancing
561,900912,66519,3102028,36418,2321,1335,0,0,4476,5207,53,distancing
562,896477,65917,3107189,36470,2300,1356,0,0,4435,5161,52,distancing
563,892082,65321,3112302,36522,2279,1377,0,0,4395,5113,52,distancing
564,887726,64731,3117370,36573,2258,1398,0,0,4356,5068,51,distancing
565,883410,64146,3122391,36624,2238,1418,0,0,4316,5021,51,distancing
566,879133,63566,3127367,36674,2218,1438,0,0,4277,4976,50,distancing
567,874894,62992,3132298,36724,2198,1458,0,0,4239,4931,50,distancing
568,870694,62422,3137185,36773,2179,1477,0,0,4200,4887,49,distancing
569,866532,61857,3142028,36822,2159,1497,0,0,4162,4843,49,distancing
570,862407,61298,3146827,36870,2140,1516,0,0,4125,4799,48,distancing
571,858320,60743,3151583,36918,2121,1535,0,0,4087,4756,48,distancing
572,854270,60193,3156296,36966,2101,1555,0,0,4050,4713,48,distancing
573,850256,59649,3160966,37013,2082,1574,0,0,4014,4670,47,distancing
574,846279,59109,3165594,37060,2063,1593,0,0,3977,4628,47,preparing to relax at 576
575,842338,58574,3170180,37106,2044,1612,0,0,3941,4586,46,preparing to relax at 576
576,823273,73204,3174724,37152,2556,1100,0,0,19065,4544,46,preparing to distance at 578
577,799042,93040,3179227,37197,3251,405,0,0,24231,4503,45,preparing to distance at 578
578,792644,95082,3183690,37242,3322,334,0,0,6398,4463,45,distancing
579,786096,97314,3188112,37287,3400,256,0,0,6548,4422,45,distancing
580,779384,99749,3192494,37331,3485,171,0,0,6712,4382,44,distancing
581,772494,102400,3196837,37375,3578,78,0,0,6890,4343,44,distancing
582,765410,105284,3201141,37440,3656,-22,22,22,7084,4304,65,distancing
583,758115,108417,3205405,37593,3656,-110,110,110,7295,4264,153,distancing
584,750591,111816,3209631,37755,3656,-119,119,119,7524,4226,162,distancing
585,742819,115501,3213819,37926,3656,-129,129,129,7772,4188,171,distancing
586,734779,119491,3217968,38108,3656,-140,140,140,8040,4149,182,distancing
587,726448,123808,3222080,38301,3656,-151,151,151,8331,4112,193,distancing
588,717803,128476,3226155,38505,3656,-163,163,163,8645,4075,204,distancing
589,708819,133519,3230192,38723,3656,-177,177,177,8984,4037,218,distancing
590,700562,122711,3249727,38920,3277,379,0,0,8257,19535,197,distancing
591,693457,105585,3274555,39171,2677,979,0,0,7105,24828,251,distancing
592,686301,106343,3281110,39237,2704,952,0,0,7156,6555,66,distancing
593,679102,106994,3287819,39305,2726,930,0,0,7199,6709,68,distancing
594,671867,107517,3294696,39374,2745,911,0,0,7235,6877,69,distancing
595,664607,107887,3301756,39445,2758,898,0,0,7260,7060,71,distancing
596,657335,108075,3308992,39518,2787,869,0,0,7272,7236,73,distancing
597,650064,108051,3316358,39592,2896,760,0,0,7271,7366,74,distancing
598,642812,107779,3323949,39669,3005,651,0,0,7252,7591,77,distancing
599,635597,107222,3331785,39748,3114,542,0,0,7215,7836,79,distancing
600,628442,106337,3339884,39830,3223,433,0,0,7155,8099,82,distancing
601,621372,105076,3348270,39915,3330,326,0,0,7070,8386,85,distancing
602,614415,103388,3356966,40003,3434,222,0,0,6957,8696,88,distancing
603,607604,101215,3365996,40094,3535,121,0,0,6811,9030,91,distancing
604,600898,99664,3374456,40179,3481,175,0,0,6706,8460,85,distancing
605,594221,99236,3381735,40253,3466,190,0,0,6677,7279,74,distancing
606,587578,98723,3389067,40327,3448,208,0,0,6643,7332,74,distancing
607,580975,98127,3396443,40401,3428,228,0,0,6603,7376,74,distancing
608,574418,97449,3403856,40476,3404,252,0,0,6557,7413,75,distancing
609,567912,96695,3411295,40551,3377,279,0,0,6506,7439,75,distancing
610,561461,95874,3418746,40626,3348,308,0,0,6451,7451,75,distancing
611,555069,94995,3426196,40701,3317,339,0,0,6392,7450,75,distancing
612,548739,94073,3433626,40776,3285,371,0,0,6330,7430,75,distancing
613,542473,93124,3441018,40851,3252,404,0,0,6266,7392,75,distancing
614,536271,92171,3448349,40925,3219,437,0,0,6202,7331,74,distancing
615,530132,91240,3455593,40998,3186,470,0,0,6139,7244,73,distancing
616,524052,90363,3462721,41070,3155,501,0,0,6080,7128,72,distancing
617,518024,89580,3469700,41140,3127,529,0,0,6028,6979,70,distancing
618,512045,88853,3476571,41209,3102,554,0,0,5979,6871,69,distancing
619,506117,88104,3483412,41278,3076,580,0,0,5928,6841,69,distancing
620,500240,87338,3490218,41347,3049,607,0,0,5877,6806,69,distancing
621,494416,86559,3496984,41415,3021,635,0,0,5824,6766,68,distancing
622,488644,85774,3503702,41483,2994,662,0,0,5772,6718,68,distancing
623,482925,84987,3510368,41550,2967,689,0,0,5719,6666,67,distancing
624,477259,84202,3516977,41617,2940,716,0,0,5666,6609,67,distancing
625,471646,83423,3523526,41683,2913,743,0,0,5613,6549,66,distancing
626,466084,82655,3530011,41749,2886,770,0,0,5562,6485,66,distancing
627,460573,81900,3536431,41814,2859,797,0,0,5511,6420,65,distancing
628,455112,81159,3542786,41878,2833,823,0,0,5461,6355,64,distancing
629,449700,80432,3549075,41942,2808,848,0,0,5412,6289,64,distancing
630,444336,79716,3555304,42005,2783,873,0,0,5364,6229,63,distancing
631,439020,79004,3561480,42067,2759,897,0,0,5316,6176,62,distancing
632,433752,78293,3567606,42129,2734,922,0,0,5268,6126,62,distancing
633,428531,77586,3573680,42190,2709,947,0,0,5221,6074,61,distancing
634,423358,76882,3579701,42251,2685,971,0,0,5173,6021,61,distancing
635,418232,76184,3585668,42311,2661,995,0,0,5126,5967,60,distancing
636,413152,75492,3591582,42371,2636,1020,0,0,5080,5914,60,distancing
637,408118,74807,3597442,42430,2612,1044,0,0,5034,5860,59,distancing
638,403130,74129,3603247,42489,2588,1068,0,0,4988,5805,59,distancing
639,398187,73459,3608998,42547,2565,1091,0,0,4943,5751,58,distancing
640,393289,72795,3614696,42605,2542,1114,0,0,4898,5698,58,distancing
641,388435,72138,3620342,42662,2519,1137,0,0,4854,5646,57,distancing
642,383625,71487,3625937,42719,2496,1160,0,0,4810,5595,57,distancing
643,378858,70842,3631482,42775,2473,1183,0,0,4767,5545,56,distancing
644,374134,70202,3636977,42831,2451,1205,0,0,4724,5495,56,distancing
645,369453,69567,3642424,42886,2428,1228,0,0,4681,5447,55,distancing
646,364814,68938,3647821,42941,2406,1250,0,0,4639,5397,55,distancing
647,360217,68314,3653170,42995,2384,1272,0,0,4597,5349,54,distancing
648,355662,67696,3658470,43049,2362,1294,0,0,4555,5300,54,distancing
649,351148,67084,3663722,43102,2340,1316,0,0,4514,5252,53,distancing
650,346675,66477,3668926,43155,2319,1337,0,0,4473,5204,53,distancing
651,342242,65876,3674084,43207,2298,1358,0,0,4433,5158,52,distancing
652,337849,65281,3679194,43259,2277,1379,0,0,4393,5110,52,distancing
653,333496,64691,3684259,43310,2256,1400,0,0,4353,5065,51,distancing
654,329182,64107,3689277,43361,2235,1421,0,0,4314,5018,51,distancing
655,324907,63528,3694250,43411,2215,1441,0,0,4275,4973,50,distancing
656,320671,62954,3699178,43461,2195,1461,0,0,4236,4928,50,distancing
657,316473,62385,3704062,43510,2175,1481,0,0,4198,4884,49,distancing
658,312313,61821,3708902,43559,2155,1501,0,0,4160,4840,49,distancing
659,308191,61262,3713698,43607,2136,1520,0,0,4122,4796,48,distancing
660,304106,60708,3718451,43655,2116,1540,0,0,4085,4753,48,distancing
661,300058,60159,3723160,43703,2097,1559,0,0,4048,4709,48,distancing
662,296047,59615,3727827,43750,2078,1578,0,0,4011,4667,47,distancing
663,292072,59076,3732451,43797,2060,1596,0,0,3975,4624,47,preparing to relax at 665
664,288133,58542,3737034,43843,2041,1615,0,0,3939,4583,46,preparing to relax at 665
665,269079,73163,3741576,43889,2552,1104,0,0,19054,4542,46,preparing to distance at 667
666,244862,92987,3746077,43934,3246,410,0,0,24217,4501,45,preparing to distance at 667
667,238468,95028,3750537,43979,3317,339,0,0,6394,4460,45,distancing
668,231924,97258,3754956,44024,3396,260,0,0,6544,4419,45,distancing
669,225216,99691,3759336,44068,3481,175,0,0,6708,4380,44,distancing
670,218330,102341,3763676,44112,3574,82,0,0,6886,4340,44,distancing
671,211250,105223,3767977,44174,3656,-19,19,19,7080,4301,62,distancing
672,203959,108354,3772239,44327,3656,-110,110,110,7291,4262,153,distancing
673,196439,111752,3776462,44489,3656,-119,119,119,7520,4223,162,distancing
674,188672,115434,3780647,44660,3656,-129,129,129,7767,4185,171,distancing
675,180636,119422,3784794,44842,3656,-140,140,140,8036,4147,182,distancing
676,172310,123737,3788903,45035,3656,-151,151,151,8326,4109,193,distancing
677,163670,128402,3792976,45239,3656,-163,163,163,8640,4073,204,distancing
678,154691,133442,3797011,45457,3656,-177,177,177,8979,4035,218,distancing
679,146439,122640,3816534,45654,3278,378,0,0,8252,19523,197,distancing
680,139338,105524,3841347,45905,2679,977,0,0,7101,24813,251,distancing
681,132186,106282,3847898,45971,2706,950,0,0,7152,6551,66,distancing
682,124991,106933,3854603,46039,2728,928,0,0,7195,6705,68,distancing
683,117760,107456,3861476,46108,2747,909,0,0,7231,6873,69,distancing
684,110505,107825,3868532,46179,2759,897,0,0,7255,7056,71,distancing
685,103237,108013,3875767,46252,2785,871,0,0,7268,7235,73,distancing
686,95971,107988,3883129,46326,2894,762,0,0,7266,7362,74,distancing
687,88723,107716,3890716,46403,3003,653,0,0,7248,7587,77,distancing
688,81512,107160,3898546,46482,3113,543,0,0,7211,7830,79,distancing
689,74361,106275,3906641,46564,3222,434,0,0,7151,8095,82,distancing
690,67295,105015,3915022,46649,3329,327,0,0,7066,8381,85,distancing
691,60342,103328,3923713,46737,3433,223,0,0,6953,8691,88,distancing
692,53535,101156,3932738,46828,3534,122,0,0,6807,9025,91,distancing
693,46833,99606,3941193,46913,3480,176,0,0,6702,8455,85,distancing
694,40159,99179,3948469,46986,3465,191,0,0,6674,7276,73,distancing
695,33520,98666,3955797,47060,3447,209,0,0,6639,7328,74,distancing
696,26921,98070,3963169,47134,3426,230,0,0,6599,7372,74,distancing
697,20368,97392,3970578,47209,3402,254,0,0,6553,7409,75,distancing
698,13865,96640,3978011,47284,3376,280,0,0,6503,7433,75,distancing
699,7417,95820,3985458,47359,3347,309,0,0,6448,7447,75,distancing
700,1028,94943,3992903,47434,3316,340,0,0,6389,7445,75,distancing
701,0,88723,4000329,47509,3098,558,0,0,1028,7426,75,preparing to relax at 703
702,0,81512,4007717,47584,2846,810,0,0,0,7388,75,preparing to relax at 703
703,0,74361,4015044,47658,2596,1060,0,0,0,7327,74,preparing to relax at 705
704,0,67295,4022284,47731,2349,1307,0,0,0,7240,73,preparing to relax at 705
705,0,60342,4029408,47803,2106,1550,0,0,0,7124,72,preparing to relax at 707
706,0,53535,4036383,47873,1868,1788,0,0,0,6975,70,preparing to relax at 707
707,0,46833,4043250,47942,1634,2022,0,0,0,6867,69,preparing to relax at 709
708,0,40159,4050088,48011,1401,2255,0,0,0,6838,69,preparing to relax at 709
709,0,33520,4056890,48080,1169,2487,0,0,0,6802,69,preparing to relax at 711
710,0,26921,4063651,48148,939,2717,0,0,0,6761,68,preparing to relax at 711
711,0,20368,4070365,48216,710,2946,0,0,0,6714,68,preparing to relax at 713
712,0,13865,4077028,48283,483,3173,0,0,0,6663,67,preparing to relax at 713
713,0,7417,4083634,48350,258,3398,0,0,0,6606,67,preparing to relax at 715
714,0,1028,4090180,48416,35,3621,0,0,0,6546,66,preparing to relax at 715
715,0,0,4091232,48427,0,3656,0,0,0,1052,11,preparing to relax at 717
716,0,0,4091232,48427,0,3656,0,0,0,0,0,preparing to relax at 717
717,0,0,4091232,48427,0,3656,0,0,0,0,0,preparing to relax at 719
718,0,0,4091232,48427,0,3656,0,0,0,0,0,preparing to relax at 719
719,0,0,4091232,48427,0,3656,0,0,0,0,0,preparing to relax at 721
720,0,0,4091232,48427,0,3656,0,0,0,0,0,preparing to relax at 721
721,0,0,4091232,48427,0,3656,0,0,0,0,0,preparing to relax at 723
722,0,0,4091232,48427,0,3656,0,0,0,0,0,preparing to relax at 723
723,0,0,4091232,48427,0,3656,0,0,0,0,0,preparing to relax at 725
724,0,0,4091232,48427,0,3656,0,0,0,0,0,preparing to relax at 725
725,0,0,4091232,48427,0,3656,0,0,0,0,0,preparing to relax at 727
726,0,0,4091232,48427,0,3656,0,0,0,0,0,preparing to relax at 727
727,0,0,4091232,48427,0,3656,0,0,0,0,0,preparing to relax at 729
728,0,0,4091232,48427,0,3656,0,0,0,0,0,preparing to relax at 729
729,0,0,4091232,48427,0,3656,0,0,0,0,0,preparing to relax at 731
